phase,n,w_stat,p_value,mean_delta_s,sd_delta_s
Onset,8,13.0,0.546875,-0.07306249999999997,0.26010649433041294
Offset,8,16.0,0.84375,-0.09493749999999984,0.5786582039203156
